benchmark	build	instructions/op	cycles/op	branch-misses/op
TryMutex/Uncontended	base	26.00	17.58	0.00
TryMutex/Uncontended	new	26.00	17.59	0.00
TryMutex/TimeoutExpired	base	576.05	329.94	0.00
TryMutex/TimeoutExpired	new	444.04	302.62	0.00
Semaphore/8/Uncontended	base	98.00	43.19	0.00
Semaphore/8/Uncontended	new	36.00	18.12	0.00
Semaphore/Value	base	37.00	17.46	0.00
Semaphore/Value	new	11.00	2.24	0.00
Semaphore/Full8TryFailure	base	49.00	19.55	0.00
Semaphore/Full8TryFailure	new	15.00	3.00	0.00
NamedMutex/HotKey	base	155.00	42.01	0.00
NamedMutex/HotKey	new	122.00	30.01	0.00
NamedMutex/ManyKeys	base	616.49	210.49	0.28
NamedMutex/ManyKeys	new	611.00	162.27	0.09
NamedMutex/UniqueNames	base	2544.70	2056.27	1.86
NamedMutex/UniqueNames	new	1160.04	298.01	0.09
NamedMutex/Create1024	base	1810693.71	618734.01	2223.20
NamedMutex/Create1024	new	872403.24	230955.90	220.21
OnceMutex/Completed	base	24.00	8.00	0.00
OnceMutex/Completed	new	10.00	2.23	0.00
NamedOnceMutex/Uncontended	base	455.00	130.18	0.00
NamedOnceMutex/Uncontended	new	301.00	84.21	0.00
Construction/TryMutex	base	459.37	126.39	0.22
Construction/TryMutex	new	280.70	74.06	0.06
ControlWaitGroup/1	base	3044.71	1247.12	5.62
ControlWaitGroup/1	new	3220.69	1365.81	6.57
ControlWaitGroup/256	base	3059.19	1250.75	5.62
ControlWaitGroup/256	new	3237.34	1373.01	6.60
SyncFlag/Write	base	62.00	48.04	0.00
SyncFlag/Write	new	62.00	48.03	0.00
